阿坝师范学院	阿坝师范学院	G11
安徽财经大学	安徽财经大学	9203	Anhui University of Finance and Economics
安徽大学	安徽大学	3118	Anhui University
安徽电气工程职业技术学院	安徽电气工程职业技术学院	G12
安徽工程大学	安徽工程大学	8747	Anhui Polytechnic University
安徽工业大学	安徽工业大学	5529	Anhui University of Technology
安徽建筑大学	安徽建筑大学	11400	Anhui Jianzhu University
安徽交通职业技术学院	安徽交通职业技术学院	G13
安徽科技工程大学	安徽科技工程大学	G14
安徽理工大学	安徽理工大学	3119	Anhui University of Science and Technology
安徽农业大学	安徽农业大学	24809	Anhui Agricultural University
安徽三联学院	安徽三联学院	15203	Anhui Sanlian University
安徽师范大学	安徽师范大学	3365	Anhui Normal University
安徽新华学院	安徽新华学院	4010	Anhui Xinhua University
安徽信息工程学院	安徽信息工程学院	G15
安徽医科大学	安徽医科大学	G16
安徽艺术学院	安徽艺术学院	G17
安徽职业技术大学	安徽职业技术大学	G18
安徽中医药大学	安徽中医药大学	G19
安康学院	安康学院	G20
安庆师范大学	安庆师范大学	3383	Anqing Normal University
安庆职业技术学院	安庆职业技术学院	G21
安阳工学院	安阳工学院	3741	Anyang Institute of Technology
安阳师范学院	安阳师范学院	3694	Anyang Normal University
鞍山师范学院	鞍山师范学院	G22
澳门大学	澳门大学	2406	University of Macau
白城师范学院	白城师范学院	G23
蚌埠学院	蚌埠学院	8743	Bengbu University
蚌埠医科大学	蚌埠医科大学	G24
宝鸡文理学院	宝鸡文理学院	G25
保定学院	保定学院	G26
保定职业技术学院	保定职业技术学院	G27
北部湾大学	北部湾大学	26737	Beibu Gulf University
北方工业大学	北方工业大学	3187	North China University of Technology
北方民族大学	北方民族大学	10424	North Minzu University
北海艺术设计学院	北海艺术设计学院	G28
北华大学	北华大学	2822	Beihua University
北华航天工业学院	北华航天工业学院	8249	North China Institute of Aerospace Engineering
北京城市学院	北京城市学院	26322	Beijing City University
北京大学	北京大学	1438	Peking University
北京第二外国语学院	北京第二外国语学院	G29
北京电影学院	北京电影学院	G30
北京电子科技学院	北京电子科技学院	4207	Beijing Electronic Science and Technology Institute
北京服装学院	北京服装学院	G31
北京工商大学	北京工商大学	4031	Beijing Technology and Business University
北京工业大学	北京工业大学	138	Beijing University of Technology
北京工业大学耿丹学院	北京工业大学耿丹学院	7395	Gengdan Institute of Beijing University of Technology
北京工业职业技术学院	北京工业职业技术学院	G32
北京航空航天大学	北京航空航天大学	3120	Beihang University
北京航空航天大学北海学院	北京航空航天大学北海学院	G33
北京化工大学	北京化工大学	3122	Beijing University of Chemical Technology
北京建筑大学	北京建筑大学	11814	Beijing University of Civil Engineering and Architecture
北京交通大学	北京交通大学	2978	Beijing Jiaotong University
北京交通大学威海	北京交通大学（威海）	8651	Beijing Jiaotong University, Weihai
北京交通职业技术学院	北京交通职业技术学院	G34
北京金融科技学院	北京金融科技学院	G35
北京京北职业技术学院	北京京北职业技术学院	G36
北京警察学院	北京警察学院	G37
北京科技大学	北京科技大学	3205	University of Science and Technology Beijing
北京科技大学天津学院	北京科技大学天津学院	25774	Tianjin College, University of Science and Technology Beijing
北京科技职业学院	北京科技职业学院	G38
北京理工大学	北京理工大学	133	Beijing Institute of Technology
北京理工大学珠海学院	北京理工大学珠海学院	11468	Beijing Institute of Technology, Zhuhai
北京联合大学	北京联合大学	4244	Beijing Union University
北京林业大学	北京林业大学	2980	Beijing Forestry University
北京农学院	北京农学院	7725	Beijing University of Agriculture
北京青年政治学院	北京青年政治学院	G39
北京师范大学	北京师范大学	134	Beijing Normal University
北京师范大学珠海校区	北京师范大学珠海校区	11331	Beijing Normal University at Zhuhai
北京石油化工学院	北京石油化工学院	G40
北京体育大学	北京体育大学	G41
北京外国语大学	北京外国语大学	26477	Beijing Foreign Studies University
北京网络职业学院	北京网络职业学院	G42
北京舞蹈学院	北京舞蹈学院	G43
北京物资学院	北京物资学院	G44
北京协和医学院	北京协和医学院	G45
北京信息科技大学	北京信息科技大学	4746	Beijing Information Science and Technology University
北京信息职业技术学院	北京信息职业技术学院	G46
北京印刷学院	北京印刷学院	3121	Beijing Institute of Graphic Communication
北京邮电大学	北京邮电大学	137	Beijing University of Posts and Telecommunications
北京邮电大学世纪学院	北京邮电大学世纪学院	G47
北京语言大学	北京语言大学	G48
北京中医药大学	北京中医药大学	G49
北师香港浸会大学	北师香港浸会大学	26324	Beijing Normal-Hong Kong Baptist University
亳州学院	亳州学院	G50
渤海大学	渤海大学	4595	Bohai University
沧州师范学院	沧州师范学院	G51
常州大学	常州大学	7284	Changzhou University
常州纺织服装职业技术学院	常州纺织服装职业技术学院	G52
常州工学院	常州工学院	3127	Changzhou Institute of Technology
巢湖学院	巢湖学院	G53
朝阳师范学院	朝阳师范学院	G54
成都大学	成都大学	3128	Chengdu University
成都东软学院	成都东软学院	2964	Chengdu Neusoft Institute of Information
成都工业学院	成都工业学院	6760	Chengdu Technological University
成都工业职业技术学院	成都工业职业技术学院	G55
成都航空职业技术大学	成都航空职业技术大学	G56
成都锦城学院	成都锦城学院	16357	Chengdu Jincheng College
成都理工大学	成都理工大学	6749	Chengdu University of Technology
成都理工大学工程技术学院	成都理工大学工程技术学院	6225	The Engineering and Technical College of Chengdu University of Technology
成都师范学院	成都师范学院	8692	Chengdu Normal University
成都体育学院	成都体育学院	G57
成都信息工程大学	成都信息工程大学	3349	Chengdu University of Information Technology
成都医学院	成都医学院	6222	Chengdu Medical College
成都中医药大学	成都中医药大学	G58
承德医学院	承德医学院	G59
池州学院	池州学院	10308	Chizhou University
赤峰大学	赤峰大学	G60
赤峰学院	赤峰学院	4009	Chifeng University
重庆安全技术职业学院	重庆安全技术职业学院	G61
重庆城市管理职业大学	重庆城市管理职业大学	G62
重庆城市科技学院	重庆城市科技学院	14471	Chongqing Metropolitan College of Science and Technology
重庆大学	重庆大学	286	Chongqing University
重庆第二师范学院	重庆第二师范学院	26313	Chongqing University of Education
重庆对外经贸学院	重庆对外经贸学院	26382	Chongqing College of International Business and Economics
重庆工程学院	重庆工程学院	14622	Chongqing Institute of Engineering
重庆工商大学	重庆工商大学	3133	Chongqing Technology and Business University
重庆工商大学派斯学院	重庆工商大学派斯学院	25804	Pass College of Chongqing Technology and Business University
重庆建筑工程职业学院	重庆建筑工程职业学院	G63
重庆交通大学	重庆交通大学	16028	Chongqing Jiaotong University
重庆科技大学	重庆科技大学	9253	Chongqing University of Science and Technology
重庆理工大学	重庆理工大学	22989	Chongqing University of Technology
重庆鲁能巴蜀中学	重庆鲁能巴蜀中学	G64
重庆南开中学	重庆南开中学	G65
重庆人文科技学院	重庆人文科技学院	G66
重庆师范大学	重庆师范大学	11342	Chongqing Normal University
重庆市第八中学校	重庆市第八中学校	G67
重庆市育才中学校	重庆市育才中学校	G68
重庆文理学院	重庆文理学院	7389	Chongqing University of Arts and Sciences
重庆医科大学	重庆医科大学	G69
重庆移通学院	重庆移通学院	22099	Chongqing College of Mobile Communication
重庆邮电大学	重庆邮电大学	3322	Chongqing University of Posts and Telecommunications
重庆中医药学院	重庆中医药学院	G70
滁州学院	滁州学院	10279	Chuzhou University
楚雄师范学院	楚雄师范学院	G71
大理大学	大理大学	G72
大连财经学院	大连财经学院	G73
大连大学	大连大学	356	Dalian University
大连工程学院	大连工程学院	25780	Dalian University of Engineering
大连工业大学	大连工业大学	2872	Dalian Polytechnic University
大连工业大学艺术与信息工程学院	大连工业大学艺术与信息工程学院	G74
大连海事大学	大连海事大学	2817	Dalian Maritime University
大连海洋大学	大连海洋大学	4604	Dalian Ocean University
大连交通大学	大连交通大学	2800	Dalian Jiaotong University
大连科技学院	大连科技学院	7246	Dalian Institute of Science and Technology
大连理工大学	大连理工大学	357	Dalian University of Technology
大连理工大学盘锦校区	大连理工大学盘锦校区	11497	Panjin Campus of Dalian University of Technology
大连民族大学	大连民族大学	2806	Dalian Minzu University
大连外国语大学	大连外国语大学	14187	Dalian University of Foreign Languages
大连医科大学	大连医科大学	G75
大连艺术学院	大连艺术学院	G76
大庆师范学院	大庆师范学院	2796	Daqing Normal University
电子科技大学	电子科技大学	1973	University of Electronic Science and Technology of China
电子科技大学成都学院	电子科技大学成都学院	6218	Chengdu College of University of Electronic Science and Technology of China
电子科技大学中山学院	电子科技大学中山学院	G77
东北财经大学	东北财经大学	G78
东北大学	东北大学	2825	Northeastern University
东北大学秦皇岛分校	东北大学秦皇岛分校	6254	Northeastern University at Qinhuangdao
东北电力大学	东北电力大学	9194	Northeast Electric Power University
东北林业大学	东北林业大学	2804	Northeast Forestry University
东北农业大学	东北农业大学	2795	Northeast Agricultural University
东北师范大学	东北师范大学	1351	Northeast Normal University
东北石油大学	东北石油大学	4620	Northeast Petroleum University
东莞城市学院	东莞城市学院	26312	Dongguan City University
东莞理工学院	东莞理工学院	2757	Dongguan University of Technology
东莞职业技术学院	东莞职业技术学院	G79
东华大学	东华大学	402	Donghua University
东华理工大学	东华理工大学	9082	East China University of Technology
东南大学	东南大学	G80
对外经济贸易大学	对外经济贸易大学	G81
鄂尔多斯应用技术学院	鄂尔多斯应用技术学院	G82
防灾科技学院已更名为应急管理大学	防灾科技学院（已更名为应急管理大学）	7724	Institute of Disaster Prevention
佛山大学	佛山大学	2782	Foshan University
福建理工大学	福建理工大学	3113	Fujian University of Technology
福建农林大学	福建农林大学	4053	Fujian Agriculture and Forestry University
福建商学院	福建商学院	25829	Fujian Business University
福建师范大学	福建师范大学	575	Fujian Normal University
福建师范大学协和学院	福建师范大学协和学院	G83
福建医科大学	福建医科大学	14470	Fujian Medical University
福建中医药大学	福建中医药大学	G84
福州大学	福州大学	585	Fuzhou University
福州工商学院	福州工商学院	26288	Fuzhou Technology and Business University
福州外语外贸学院	福州外语外贸学院	26748	Fuzhou University of International Studies and Trade
福州职业技术学院	福州职业技术学院	16027	Fuzhou Polytechnic
阜阳师范大学	阜阳师范大学	11348	Fuyang Normal University
复旦大学	复旦大学	574	Fudan University
甘肃农业大学	甘肃农业大学	25776	Gansu Agricultural University
甘肃农业职业技术学院	甘肃农业职业技术学院	G85
甘肃政法大学	甘肃政法大学	25808	Gansu University of Political Science and Law
赣东学院	赣东学院	G86
赣南科技学院	赣南科技学院	25820	Gannan University of Science and Technology
赣南师范大学	赣南师范大学	21902	Gannan Normal University
赣南师范大学科技学院	赣南师范大学科技学院	25799	Science and Technology College Gannan Normal University
赣南医科大学	赣南医科大学	13751	Gannan Medical University
广东白云学院	广东白云学院	G87
广东财经大学	广东财经大学	7330	Guangdong University of Finance and Economics
广东第二师范学院	广东第二师范学院	G88
广东东软学院	广东东软学院	11347	Neusoft Institute Guangdong
广东工业大学	广东工业大学	624	Guangdong University of Technology
广东海洋大学	广东海洋大学	8235	Guangdong Ocean University
广东技术师范大学	广东技术师范大学	2773	Guangdong Polytechnic Normal University
广东金融学院	广东金融学院	10183	Guangdong University of Finance
广东科技学院	广东科技学院	25867	Guangdong University of Science and Technology
广东理工学院	广东理工学院	26270	Guangdong Technology College
广东培正学院	广东培正学院	G89
广东轻工职业技术大学	广东轻工职业技术大学	26273	Guangdong Industry Polytechnic University
广东石油化工学院	广东石油化工学院	6726	Guangdong University of Petrochemical Technology
广东水利电力职业技术学院	广东水利电力职业技术学院	G90
广东外语外贸大学	广东外语外贸大学	2776	Guangdong University of Foreign Studies
广东文艺职业学院	广东文艺职业学院	G91
广东药科大学	广东药科大学	8295	Guangdong Pharmaceutical University
广东医科大学	广东医科大学	24380	Guangdong Medical University
广西财经学院	广西财经学院	10992	Guangxi University of Finance and Economics
广西城市职业大学	广西城市职业大学	26305	Guangxi City Vocational University
广西大学	广西大学	G92
广西交通职业技术学院	广西交通职业技术学院	G93
广西科技大学	广西科技大学	10268	Guangxi University of Science and Technology
广西科技师范学院	广西科技师范学院	26355	Guangxi Science and Technology Normal University
广西民族大学	广西民族大学	G94
广西民族大学相思湖学院	广西民族大学相思湖学院	26356	Xiangsihu College of GuangXi Minzu University
广西民族师范学院	广西民族师范学院	G95
广西师范大学	广西师范大学	9196	Guangxi Normal University
广西外国语学院	广西外国语学院	10988	Guangxi University of Foreign Languages
广西医科大学	广西医科大学	G96
广西职业师范学院	广西职业师范学院	10993	GuangXi Vocational Normal University
广西中医药大学	广西中医药大学	G97
广州城市理工学院	广州城市理工学院	13849	Guangzhou City University of Technology
广州大学	广州大学	2772	Guangzhou University
广州工商学院	广州工商学院	26617	Guangzhou College of Technology and Business
广州航海学院	广州航海学院	26304	Guangzhou Maritime University
广州华立学院	广州华立学院	23457	Guangzhou Huali College
广州华商学院	广州华商学院	25795	Guangzhou Huashang College
广州华夏职业学院	广州华夏职业学院	G98
广州理工学院	广州理工学院	26302	Guangzhou Institute of Science and Technology
广州美术学院	广州美术学院	G99
广州南方学院	广州南方学院	G100
广州软件学院	广州软件学院	26604	Guangzhou University of Software
广州商学院	广州商学院	26262	Guangzhou College of Commerce
广州铁路职业技术学院	广州铁路职业技术学院	G101
广州医科大学	广州医科大学	G102
广州中医药大学	广州中医药大学	10078	Guangzhou University of Chinese Medicine
贵阳人文科技学院	贵阳人文科技学院	26366	Guiyang Institute of Humanities and Technology
贵阳学院	贵阳学院	10282	Guiyang University
贵州财经大学	贵州财经大学	25897	GuiZhou University of Finance and Economics
贵州大学	贵州大学	4593	Guizhou University
贵州工程应用技术学院	贵州工程应用技术学院	8683	Guizhou University of Engineering Science
贵州民族大学	贵州民族大学	10094	Guizhou Minzu University
贵州商学院	贵州商学院	10089	Guizhou University of Commerce
贵州师范大学	贵州师范大学	8677	Guizhou Normal University
贵州师范学院	贵州师范学院	7758	Guizhou Education University
贵州医科大学	贵州医科大学	G103
贵州职业技术学院	贵州职业技术学院	10320	Guizhou Vocational Technology Institute
桂林电子科技大学	桂林电子科技大学	4382	Guilin University of Electronic Technology
桂林航天工业学院	桂林航天工业学院	25843	Guilin University of Aerospace Technology
桂林理工大学	桂林理工大学	8321	Guilin University of Technology
桂林理工大学南宁分校	桂林理工大学南宁分校	25872	Guilin University of Technology at Nanning
桂林旅游学院	桂林旅游学院	25876	Guilin Tourism University
桂林信息科技学院	桂林信息科技学院	19860	Guilin Institute of Information Technology
桂林医科大学	桂林医科大学	G104
国防科技大学	国防科技大学	1315	National University of Defense Technology
国际关系学院	国际关系学院	5598	University of International Relations
哈尔滨工程大学	哈尔滨工程大学	2794	Harbin Engineering University
哈尔滨工业大学	哈尔滨工业大学	639	Harbin Institute of Technology
哈尔滨工业大学深圳	哈尔滨工业大学（深圳）	G105
哈尔滨工业大学威海	哈尔滨工业大学（威海）	G106
哈尔滨广厦学院	哈尔滨广厦学院	7254	Harbin GuangSha College
哈尔滨华德学院	哈尔滨华德学院	2797	Harbin Huade University
哈尔滨建筑科技职业大学	哈尔滨建筑科技职业大学	G107
哈尔滨剑桥学院	哈尔滨剑桥学院	14574	Harbin Cambridge University
哈尔滨理工大学	哈尔滨理工大学	2798	Harbin University of Science and Technology
哈尔滨商业大学	哈尔滨商业大学	2823	Harbin University of Commerce
哈尔滨师范大学	哈尔滨师范大学	2824	Harbin Normal University
哈尔滨体育学院	哈尔滨体育学院	G108
哈尔滨信息工程学院	哈尔滨信息工程学院	12792	Harbin Institute of Information Technology
哈尔滨学院	哈尔滨学院	2903	Harbin University
哈尔滨医科大学	哈尔滨医科大学	G109
海南大学	海南大学	6720	Hainan University
海南经贸职业大学	海南经贸职业大学	G110
海南热带海洋学院	海南热带海洋学院	9285	Hainan Tropical Ocean University
海南师范大学	海南师范大学	11411	Hainan Normal University
海南医科大学	海南医科大学	G111
邯郸学院	邯郸学院	G112
韩山师范学院	韩山师范学院	6731	Hanshan Normal University
汉江师范学院	汉江师范学院	25794	Hanjiang Normal University
汉口学院	汉口学院	25299	Hankou University
杭州百腾教育科技有限公司	杭州百腾教育科技有限公司	G10	Hangzhou PAT Education Technology Co., Ltd.
杭州电子科技大学	杭州电子科技大学	2956	Hangzhou Dianzi University
杭州电子科技大学信息工程学院	杭州电子科技大学信息工程学院	G113
杭州科技职业技术学院	杭州科技职业技术学院	G114
杭州师范大学	杭州师范大学	3491	Hangzhou Normal University
杭州学军中学	杭州学军中学	G115
杭州医学院	杭州医学院	G116
合肥大学	合肥大学	3145	Hefei University
合肥工业大学	合肥工业大学	646	Hefei University of Technology
合肥工业大学宣城校区	合肥工业大学宣城校区	7331	Hefei University of Technology Xuancheng Campus‌
合肥师范学院	合肥师范学院	4714	Hefei Normal University
河北北方学院	河北北方学院	5582	Hebei North University
河北传媒学院	河北传媒学院	G117
河北大学	河北大学	3143	Hebei University
河北地质大学	河北地质大学	14456	Hebei GEO University
河北工程大学	河北工程大学	8304	Hebei University of Engineering
河北工程技术学院	河北工程技术学院	23319	Hebei University of Engineering Science
河北工业大学	河北工业大学	3144	Hebei University of Technology
河北环境工程学院	河北环境工程学院	G118
河北建筑工程学院	河北建筑工程学院	G119
河北金融学院	河北金融学院	26317	Hebei Finance University
河北经贸大学	河北经贸大学	9772	Hebei University of Economics and Business
河北科技大学	河北科技大学	9205	Hebei University of Science and Technology
河北科技师范学院	河北科技师范学院	G120
河北美术学院	河北美术学院	G121
河北民族师范学院	河北民族师范学院	G122
河北农业大学	河北农业大学	G123
河北师范大学	河北师范大学	3116	Hebei Normal University
河北水利电力学院	河北水利电力学院	G124
河北体育学院	河北体育学院	G125
河北医科大学	河北医科大学	G126
河池学院	河池学院	8763	Hechi University
河海大学	河海大学	3148	Hohai University
河南财经政法大学	河南财经政法大学	7271	Henan University of Economics and Law
河南财政金融学院	河南财政金融学院	10053	Henan Finance University
河南城建学院	河南城建学院	7267	Henan University of Urban Construction
河南大学	河南大学	3076	Henan University
河南工程学院	河南工程学院	6210	Henan University of Engineering
河南工学院	河南工学院	26351	Henan Institute of Technology
河南工业大学	河南工业大学	3690	Henan University of Technology
河南警察学院	河南警察学院	G127
河南科技大学	河南科技大学	3687	Henan University of Science and Technology
河南科技学院	河南科技学院	8658	Henan Institute of Science and Technology
河南理工大学	河南理工大学	3146	Henan Polytechnic University
河南牧业经济学院	河南牧业经济学院	9258	Henan University of Animal Husbandry and Economy
河南农业大学	河南农业大学	649	Henan Agricultural University
河南省实验中学	河南省实验中学	G128
河南师范大学	河南师范大学	3366	Henan Normal University
河南师范大学附属中学	河南师范大学附属中学	G129
河南医药大学	河南医药大学	G130
河南职业技术学院	河南职业技术学院	G131
河南中医药大学	河南中医药大学	G132
河套学院	河套学院	G133
河西学院	河西学院	15268	HeXi University
菏泽学院	菏泽学院	10273	Heze University
贺州学院	贺州学院	11079	Hezhou University
黑河学院	黑河学院	6211	Heihe University
黑龙江八一农垦大学	黑龙江八一农垦大学	2900	Heilongjiang Bayi Agricultural University
黑龙江大学	黑龙江大学	2793	Heilongjiang University
黑龙江东方学院	黑龙江东方学院	8314	East University of Heilongjiang
黑龙江工程学院	黑龙江工程学院	2818	Heilongjiang Institute of Technology
黑龙江工业学院	黑龙江工业学院	25596	HeiLongJiang University of Technology
黑龙江科技大学	黑龙江科技大学	G134
黑龙江外国语学院	黑龙江外国语学院	16026	Heilongjiang International University
黑龙江中医药大学	黑龙江中医药大学	G135
衡水学院	衡水学院	8725	Hengshui University
衡阳师范学院	衡阳师范学院	3147	Hengyang Normal University
红河学院	红河学院	G136
呼伦贝尔学院	呼伦贝尔学院	4609	Hulunbuir University
湖北大学	湖北大学	3153	Hubei University
湖北第二师范学院	湖北第二师范学院	9909	Hubei University of Education
湖北工程学院	湖北工程学院	10129	Hubei Engineering University
湖北工业大学	湖北工业大学	10929	Hubei University of Technology
湖北工业大学工程技术学院	湖北工业大学工程技术学院	14585	Hubei University of Technology Engineering and Technology College
湖北经济学院	湖北经济学院	3154	Hubei University of Economics
湖北科技学院	湖北科技学院	G137
湖北科技职业学院	湖北科技职业学院	26726	Hubei Science and Technology College
湖北理工学院	湖北理工学院	13787	Hubei Polytechnic University
湖北美术学院	湖北美术学院	G138
湖北民族大学	湖北民族大学	5562	Hubei Minzu University
湖北汽车工业学院	湖北汽车工业学院	26294	Hubei University of Automotive Technology
湖北师范大学	湖北师范大学	4721	Hubei Normal University
湖北文理学院	湖北文理学院	G139
湖北中医药大学	湖北中医药大学	11083	Hubei University of Chinese Medicine
湖南财政经济学院	湖南财政经济学院	26296	Hunan University of Finance and Economics
湖南城市学院	湖南城市学院	3156	Hunan City University
湖南大学	湖南大学	680	Hunan University
湖南第一师范学院	湖南第一师范学院	15927	Hunan First Normal University
湖南工程学院	湖南工程学院	3995	Hunan Institute of Engineering
湖南工商大学	湖南工商大学	G140
湖南工学院	湖南工学院	6212	Hunan Institute of Technology
湖南工业大学	湖南工业大学	3163	Hunan University of Technology
湖南工业大学科技学院	湖南工业大学科技学院	26300	College of Science and Technology HNUT
湖南警察学院	湖南警察学院	11001	Hunan Police Academy
湖南科技大学	湖南科技大学	4606	Hunan University of Science and Technology
湖南科技学院	湖南科技学院	3162	Hunan University of Science and Engineering
湖南科技职业学院	湖南科技职业学院	5242	Hunan Vocational College of Science and Technology
湖南理工大学	湖南理工大学	G141
湖南理工学院	湖南理工学院	3159	Hunan Institute of Science and Technology
湖南农业大学	湖南农业大学	3059	Hunan Agricultural University
湖南农业大学东方科技学院	湖南农业大学东方科技学院	5445	Orient Science and Technology College of Hunan Agricultural University
湖南女子学院	湖南女子学院	G142
湖南人文科技学院	湖南人文科技学院	8738	Hunan University of Humanities, Science and Technology
湖南涉外经济学院	湖南涉外经济学院	3160	Hunan International Economics University
湖南师范大学	湖南师范大学	4046	Hunan Normal University
湖南中医药大学	湖南中医药大学	9555	Hunan University of Chinese Medicine
湖州师范大学	湖州师范大学	11117	Huzhou Normal University
湖州学院	湖州学院	20152	Huzhou College
华北电力大学	华北电力大学	1346	North China Electric Power University
华北电力大学保定	华北电力大学（保定）	26327	North China Electric Power University (Baoding)
华北科技学院	华北科技学院	6054	North China Institute of Science and Technology
华北理工大学	华北理工大学	9211	North China University of Science and Technology
华北水利水电大学	华北水利水电大学	8150	North China University of Water Resources and Electric Power
华东交通大学	华东交通大学	3111	East China Jiaotong University
华东理工大学	华东理工大学	421	East China University of Science and Technology
华东师范大学	华东师范大学	3108	East China Normal University
华东师范大学第二附属中学	华东师范大学第二附属中学	G143
华东师范大学第二附属中学闵行紫竹分校	华东师范大学第二附属中学闵行紫竹分校	G144
华东政法大学	华东政法大学	7230	East China University of Political Science and Law
华南理工大学	华南理工大学	1740	South China University of Technology
华南农业大学	华南农业大学	1738	South China Agricultural University
华南师范大学	华南师范大学	1739	South China Normal University
华侨大学	华侨大学	2977	Huaqiao University
华中科技大学	华中科技大学	13852	Huazhong University of Science and Technology
华中农业大学	华中农业大学	5385	Huazhong Agricultural University
华中师范大学	华中师范大学	240	Central China Normal University
怀化学院	怀化学院	3149	Huaihua University
淮安大学	淮安大学	3150	Huai'an University
淮北理工学院	淮北理工学院	26544	Huaibei Institute of Technology
淮北师范大学	淮北师范大学	5248	Huaibei Normal University
淮南联合大学	淮南联合大学	G145
淮南师范学院	淮南师范学院	G146
淮阴师范学院	淮阴师范学院	5498	Huaiyin Normal University
黄冈师范学院	黄冈师范学院	11149	Huanggang Normal University
黄河交通学院	黄河交通学院	G147
黄淮学院	黄淮学院	6745	HuangHuai University
黄山学院	黄山学院	3151	Huangshan University
惠州学院	惠州学院	6735	Huizhou University
吉利学院	吉利学院	G148
吉林财经大学	吉林财经大学	2815	JiLin University of Finance and Economics
吉林大学	吉林大学	944	Jilin University
吉林工程技术师范学院	吉林工程技术师范学院	G149
吉林工商学院	吉林工商学院	5557	Jilin Business and Technology College
吉林化工大学	吉林化工大学	G150
吉林建筑大学	吉林建筑大学	6764	Jilin Jianzhu University
吉林建筑科技学院	吉林建筑科技学院	G151
吉林农业大学	吉林农业大学	2807	Jilin Agricultural University
吉林师范大学	吉林师范大学	2808	Jilin Normal University
吉林师范大学博达学院	吉林师范大学博达学院	7339	Boda College of Jilin Normal University
吉林体育学院	吉林体育学院	G152
吉林外国语大学	吉林外国语大学	36356	Jilin International Studies University
吉林艺术学院	吉林艺术学院	G153
吉首大学	吉首大学	3171	Jishou University
集美大学	集美大学	4064	Jimei University
集宁师范学院	集宁师范学院	21539	Jining Normal University
济南大学	济南大学	5436	University of Jinan
济南振声学校	济南振声学校	G154
济宁学院	济宁学院	26227	Jining University
济宁医学院	济宁医学院	22697	Jining Medical University
暨南大学	暨南大学	945	Jinan University
佳木斯大学	佳木斯大学	2816	Jiamusi University
嘉兴大学	嘉兴大学	15894	Jiaxing University
嘉兴南湖学院	嘉兴南湖学院	G155
嘉应学院	嘉应学院	5791	Jiaying University
江汉大学	江汉大学	22758	Jianghan University
江南大学	江南大学	4130	Jiangnan University
江苏城市职业学院	江苏城市职业学院	G156
江苏大学	江苏大学	3976	Jiangsu University
江苏大学京江学院	江苏大学京江学院	14048	Jiangsu University Jingjiang College
江苏第二师范学院	江苏第二师范学院	3563	Jiangsu Second Normal University
江苏海事职业技术学院	江苏海事职业技术学院	G157
江苏海洋大学	江苏海洋大学	26272	Jiangsu Ocean University
江苏科技大学	江苏科技大学	G158
江苏理工学院	江苏理工学院	6772	Jiangsu University of Technology
江苏农林职业技术学院	江苏农林职业技术学院	G159
江苏师范大学	江苏师范大学	8662	Jiangsu Normal University
江西财经大学	江西财经大学	4073	Jiangxi University of Finance and Economics
江西服装学院	江西服装学院	26319	Jiangxi Institute of Fashion Technology
江西工程学院	江西工程学院	13718	Jiangxi University of Engineering
江西工程职业学院	江西工程职业学院	25801	Jiangxi Engineering Vocational College
江西工商职业技术学院	江西工商职业技术学院	25797	Jiangxi Technology Business Polytechnic
江西工业工程职业技术学院	江西工业工程职业技术学院	G160
江西警察学院	江西警察学院	13699	Jiangxi Police Institute
江西科技师范大学	江西科技师范大学	G161
江西科技学院	江西科技学院	G162
江西理工大学	江西理工大学	4039	Jiangxi University of Science and Technology
江西理工大学南昌校区	江西理工大学南昌校区	G163
江西农业大学	江西农业大学	7797	Jiangxi Agricultural University
江西农业大学南昌商学院	江西农业大学南昌商学院	21869	Nanchang Business College of Jiangxi Agricultural University
江西软件职业技术大学	江西软件职业技术大学	21971	Jiangxi University of Software Professional Technology
江西师范大学	江西师范大学	3167	Jiangxi Normal University
江西水利电力大学	江西水利电力大学	G164
江西现代职业技术学院	江西现代职业技术学院	G165
江西新能源科技职业学院	江西新能源科技职业学院	21903	Jiangxi New Energy Technology Institute
江西应用科技学院	江西应用科技学院	G166
江西中医药大学	江西中医药大学	G167
焦作市第一中学	焦作市第一中学	G168
金华职业技术大学	金华职业技术大学	G169
金陵科技学院	金陵科技学院	4743	Jinling Institute of Technology
锦州医科大学	锦州医科大学	G170
晋中学院	晋中学院	G171
荆州理工职业学院	荆州理工职业学院	G172
荆州学院	荆州学院	26463	Jingzhou University
井冈山大学	井冈山大学	10934	Jinggangshan University
景德镇陶瓷大学	景德镇陶瓷大学	22165	Jingdezhen Ceramic University
景德镇艺术职业大学	景德镇艺术职业大学	26329	Jingdezhen Vocational University of Art
九江学院	九江学院	10192	Jiujiang University
喀什大学	喀什大学	26713	Kashi University
开封大学	开封大学	G173
凯里学院	凯里学院	25866	Kaili University
昆明理工大学	昆明理工大学	7764	Kunming University of Science and Technology
昆明学院	昆明学院	G174
昆明冶金职业大学	昆明冶金职业大学	G175
昆山杜克大学	昆山杜克大学	20318	Duke Kunshan University
兰州财经大学	兰州财经大学	10113	Lanzhou University of Finance and Economics
兰州城市学院	兰州城市学院	25868	Lanzhou City University
兰州大学	兰州大学	1083	Lanzhou University
兰州工业学院	兰州工业学院	G176
兰州交通大学	兰州交通大学	3172	Lanzhou Jiaotong University
兰州理工大学	兰州理工大学	9158	Lanzhou University Of Technology
兰州文理学院	兰州文理学院	G177
兰州职业技术学院	兰州职业技术学院	G178
兰州资源环境职业技术大学	兰州资源环境职业技术大学	G179
廊坊师范学院	廊坊师范学院	G180
乐山师范学院	乐山师范学院	3173	Leshan Normal University
丽水学院	丽水学院	3174	Lishui University
辽东学院	辽东学院	G181
辽宁大学	辽宁大学	1093	Liaoning University
辽宁工程技术大学	辽宁工程技术大学	4600	Liaoning Technical University
辽宁工业大学	辽宁工业大学	36376	Liaoning University of Technology
辽宁科技大学	辽宁科技大学	2876	University of Science and Technology Liaoning
辽宁科技学院	辽宁科技学院	G182
辽宁理工学院	辽宁理工学院	G183
辽宁师范大学	辽宁师范大学	2877	Liaoning Normal University
辽宁师范大学海华学院	辽宁师范大学海华学院	G184
辽宁石油化工大学	辽宁石油化工大学	19790	LiaoNing Petrochemical University
辽宁中医药大学	辽宁中医药大学	G185
辽宁装备制造职业技术学院	辽宁装备制造职业技术学院	G186
聊城大学	聊城大学	7365	Liaocheng University
临沂大学	临沂大学	5437	Linyi University
柳州工学院	柳州工学院	G187
六盘水师范学院	六盘水师范学院	25890	Liupanshui Normal University
龙岩学院	龙岩学院	24804	Longyan University
陇东学院	陇东学院	10212	Longdong University
鲁东大学	鲁东大学	5441	Ludong University
吕梁学院	吕梁学院	G188
洛阳理工学院	洛阳理工学院	9262	Luoyang Institute of Science and Technology
洛阳师范学院	洛阳师范学院	3346	Luoyang Normal University
绵阳师范学院	绵阳师范学院	G189
民政职业大学	民政职业大学	G190
闽江大学	闽江大学	9349	Minjiang University
闽南师范大学	闽南师范大学	8294	Minnan Normal University
牡丹江大学	牡丹江大学	G191
牡丹江师范学院	牡丹江师范学院	G192
牡丹江医科大学	牡丹江医科大学	G193
南昌大学	南昌大学	3873	Nanchang University
南昌工学院	南昌工学院	21968	Nanchang Institute of Science and Technology
南昌航空大学	南昌航空大学	6885	Nanchang Hangkong University
南昌交通学院	南昌交通学院	13694	Nanchang Jiaotong Institute
南昌理工学院	南昌理工学院	8726	Nanchang Institute of Technology
南昌师范学院	南昌师范学院	10725	Nanchang Normal University
南昌医学院	南昌医学院	G194
南昌职业大学	南昌职业大学	13693	Nanchang Vocational University
南方科技大学	南方科技大学	7255	Southern University of Science and Technology
南方医科大学	南方医科大学	3989	Southern Medical University
南华大学	南华大学	G195
南京财经大学	南京财经大学	3180	Nanjing University of Finance and Economics
南京大学	南京大学	1268	Nanjing University
南京大学苏州校区	南京大学苏州校区	G196
南京工程学院	南京工程学院	24807	Nanjing Institute of Technology
南京工业大学	南京工业大学	8302	Nanjing Tech University
南京工业职业技术大学	南京工业职业技术大学	26342	Nanjing University of Industry Technology
南京航空航天大学	南京航空航天大学	3178	Nanjing University of Aeronautics and Astronautics
南京航空航天大学金城学院	南京航空航天大学金城学院	3176	Nanhang Jincheng College
南京理工大学	南京理工大学	1271	Nanjing University of Science and Technology
南京理工大学紫金学院	南京理工大学紫金学院	5577	Nanjing University of Science and Technology ZiJin College
南京林业大学	南京林业大学	3398	Nanjing Forestry University
南京农业大学	南京农业大学	8785	Nanjing Agricultural University
南京审计大学	南京审计大学	8740	Nanjing Audit University
南京师范大学	南京师范大学	7336	Nanjing Normal University
南京体育学院	南京体育学院	G197
南京外国语学校	南京外国语学校	6869	Nanjing Foreign Language School
南京晓庄学院	南京晓庄学院	8264	NanJing XiaoZhuang University
南京信息工程大学	南京信息工程大学	4725	Nanjing University of Information Science and Technology
南京医科大学	南京医科大学	G198
南京艺术学院	南京艺术学院	G199
南京邮电大学	南京邮电大学	3181	Nanjing University of Posts and Telecommunications
南京邮电大学通达学院	南京邮电大学通达学院	4252	Tongda College of Nanjing University of Posts and Telecommunications
南京中医药大学	南京中医药大学	3179	Nanjing University of Chinese Medicine
南开大学	南开大学	1272	Nankai University
南宁师范大学	南宁师范大学	G200
南通大学	南通大学	3183	Nantong University
南通理工学院	南通理工学院	25931	Nantong Institute of Technology
南通师范高等专科学校	南通师范高等专科学校	14623	Nantong Normal College
南通职业大学	南通职业大学	G201
南阳理工学院	南阳理工学院	4728	Nanyang Institute of Technology
南阳师范学院	南阳师范学院	7226	Nanyang Normal University
内江师范学院	内江师范学院	3184	Neijiang Normal University
内蒙古财经大学	内蒙古财经大学	G202
内蒙古大学	内蒙古大学	2803	Inner Mongolia University
内蒙古电子信息职业技术学院	内蒙古电子信息职业技术学院	4023	Inner Mongolia Electronic Information Vocational Technical College
内蒙古工业大学	内蒙古工业大学	2911	Inner Mongolia University of Technology
内蒙古化工职业学院	内蒙古化工职业学院	G203
内蒙古科技大学	内蒙古科技大学	G204
内蒙古科技大学包头师范学院	内蒙古科技大学包头师范学院	10943	Baotou Teachers' College
内蒙古民族大学	内蒙古民族大学	G205
内蒙古农业大学	内蒙古农业大学	2909	Inner Mongolia Agricultural University
内蒙古商贸职业学院	内蒙古商贸职业学院	4610	Inner Mongolia Business and Trade Vocational College
内蒙古师范大学	内蒙古师范大学	2826	Inner Mongolia Normal University
内蒙古医科大学	内蒙古医科大学	G206
内蒙古艺术学院	内蒙古艺术学院	G207
宁波财经学院	宁波财经学院	20086	Ningbo University of Finance and Economics
宁波城市职业技术学院	宁波城市职业技术学院	3185	Ningbo City College of Vocational Technology
宁波大学	宁波大学	3058	Ningbo University
宁波工程学院	宁波工程学院	3368	Ningbo University of Technology
宁波国家高新区外国语学校	宁波国家高新区外国语学校	14587	Ningbo National Hi-Tech Zone Foreign Language School
宁波诺丁汉大学	宁波诺丁汉大学	G208
宁波市镇海中学	宁波市镇海中学	G209
宁波职业技术大学	宁波职业技术大学	G210
宁德师范学院	宁德师范学院	26744	Ningde Normal University
宁夏大学	宁夏大学	6052	Ningxia University
宁夏理工学院	宁夏理工学院	9157	Ningxia Institute of Science and Technology
宁夏师范大学	宁夏师范大学	G211
宁夏医科大学	宁夏医科大学	G212
攀枝花学院	攀枝花学院	6219	Panzhihua University
平顶山学院	平顶山学院	3742	Pingdingshan University
萍乡学院	萍乡学院	22004	Pingxiang University
莆田学院	莆田学院	9237	Putian University
齐鲁工业大学山东省科学院	齐鲁工业大学（山东省科学院）	7422	Qilu University of Technology
齐鲁理工学院	齐鲁理工学院	25777	Qilu Institute of Technology
齐鲁师范学院	齐鲁师范学院	G213
齐齐哈尔大学	齐齐哈尔大学	2904	Qiqihar University
齐齐哈尔工程学院	齐齐哈尔工程学院	G214
黔南民族师范学院	黔南民族师范学院	8682	Qiannan Normal University for Nationalities
青岛滨海学院	青岛滨海学院	6744	Qingdao Binhai University
青岛城市学院	青岛城市学院	25883	Qingdao City University
青岛大学	青岛大学	4383	Qingdao University
青岛工学院	青岛工学院	5786	Qingdao Institute of Technology
青岛恒星科技学院	青岛恒星科技学院	G215
青岛黄海学院	青岛黄海学院	G216
青岛科技大学	青岛科技大学	5236	Qingdao University of Science and Technology
青岛理工大学	青岛理工大学	8720	Qingdao University of Technology
青岛农业大学	青岛农业大学	5443	Qingdao Agricultural University
青岛农业大学海都学院	青岛农业大学海都学院	19761	Haidu College Qingdao Agricultural University
青岛市城阳第一高级中学	青岛市城阳第一高级中学	G217
青岛职业技术学院	青岛职业技术学院	6701	Qingdao Technical College
青海大学	青海大学	9095	Qinghai University
青海民族大学	青海民族大学	G218
青海师范大学	青海师范大学	G219
清华大学	清华大学	2039	Tsinghua University
琼台师范学院	琼台师范学院	26018	Qiongtai Normal University
曲阜师范大学	曲阜师范大学	1514	Qufu Normal University
曲靖师范学院	曲靖师范学院	G220
衢州学院	衢州学院	G221
衢州职业技术学院	衢州职业技术学院	4584	Quzhou College of Technology
泉州师范学院	泉州师范学院	4603	Quanzhou Normal University
泉州信息工程学院	泉州信息工程学院	15762	Quanzhou University of Information Engineering
三江学院	三江学院	6328	Sanjiang University
三明学院	三明学院	4616	Sanming University
三峡大学	三峡大学	6861	China Three Gorges University
厦门大学	厦门大学	2723	Xiamen University
厦门大学嘉庚学院	厦门大学嘉庚学院	9256	Xiamen University Tan Kah Kee College
厦门大学马来西亚分校	厦门大学马来西亚分校	19527	Xiamen University Malaysia
厦门工学院	厦门工学院	G222
厦门理工学院	厦门理工学院	4163	Xiamen University of Technology
山东财经大学	山东财经大学	5543	Shandong University of Finance and Economics
山东财经大学燕山学院	山东财经大学燕山学院	G223
山东大学	山东大学	1657	Shandong University
山东大学附属中学	山东大学附属中学	G225
山东大学威海	山东大学（威海）	G224
山东第二医科大学	山东第二医科大学	G226
山东第一医科大学	山东第一医科大学	11196	Shandong First Medical University
山东工商学院	山东工商学院	9955	Shandong Technology and Business University
山东管理学院	山东管理学院	8647	Shandong Management University
山东航空学院	山东航空学院	26299	Shandong University of Aeronautics
山东建筑大学	山东建筑大学	3115	Shandong Jianzhu University
山东交通学院	山东交通学院	8148	Shandong Jiaotong University
山东科技大学	山东科技大学	4672	Shandong University of Science and Technology
山东理工大学	山东理工大学	4055	Shandong University of Technology
山东农业大学	山东农业大学	4684	Shandong Agricultural University
山东女子学院	山东女子学院	G227
山东青年政治学院	山东青年政治学院	8652	Shandong Youth University of Political Science
山东省垦利第一中学	山东省垦利第一中学	G228
山东省平邑第一中学	山东省平邑第一中学	G229
山东省青岛第二中学	山东省青岛第二中学	G230
山东省实验中学	山东省实验中学	G231
山东省烟台第二中学	山东省烟台第二中学	G232
山东师范大学	山东师范大学	1656	Shandong Normal University
山东石油化工学院	山东石油化工学院	20482	Shandong Institute of Petroleum and Chemical Technology
山东外国语职业技术大学	山东外国语职业技术大学	G233
山东外事职业大学	山东外事职业大学	G234
山东协和学院	山东协和学院	16192	Shandong Xiehe University
山东医药大学	山东医药大学	G235
山东政法学院	山东政法学院	9100	Shandong University of Political Science and Law
山东中医药大学	山东中医药大学	14684	Shandong University of Traditional Chinese Medicine
山西财经大学	山西财经大学	G236
山西大同大学	山西大同大学	G237
山西大学	山西大学	6304	Shanxi University
山西工程技术学院	山西工程技术学院	G238
山西工程科技职业大学	山西工程科技职业大学	26348	Shanxi Vocational University of Engineering Science and Technology
山西工商学院	山西工商学院	26287	Shanxi Technology and Business University
山西旅游职业学院	山西旅游职业学院	G239
山西能源学院	山西能源学院	G240
山西农业大学	山西农业大学	G241
山西师范大学	山西师范大学	9226	Shanxi Normal University
山西医科大学	山西医科大学	G242
山西中医药大学	山西中医药大学	G243
陕西科技大学	陕西科技大学	7643	Shaanxi University of Science and Technology
陕西理工大学	陕西理工大学	8820	Shaanxi University of Technology
陕西师范大学	陕西师范大学	6751	Shaanxi Normal University
陕西学前师范学院	陕西学前师范学院	G244
陕西中医药大学	陕西中医药大学	G245
汕头大学	汕头大学	1676	Shantou University
汕尾职业技术学院	汕尾职业技术学院	G246
商洛学院	商洛学院	7253	Shangluo University
商丘工学院	商丘工学院	25869	Shangqiu Institute of Technology
商丘师范学院	商丘师范学院	6208	Shangqiu Normal University
商丘学院	商丘学院	25873	Shangqiu University
商丘学院应用科技学院	商丘学院应用科技学院	9252	Shangqiu University Applied Science and Technology College
上海财经大学	上海财经大学	G247
上海城建职业学院	上海城建职业学院	G248
上海出版印刷高等专科学校	上海出版印刷高等专科学校	G249
上海大学	上海大学	1672	Shanghai University
上海第二工业大学	上海第二工业大学	4038	Shanghai Polytechnic University
上海电机学院	上海电机学院	G250
上海电力大学	上海电力大学	25778	Shanghai University of Electric Power
上海东海职业技术学院	上海东海职业技术学院	G251
上海对外经贸大学	上海对外经贸大学	25782	Shanghai University of International Business and Economics
上海工程技术大学	上海工程技术大学	4171	Shanghai University of Engineering Science
上海海关学院	上海海关学院	G252
上海海事大学	上海海事大学	1665	Shanghai Maritime University
上海海洋大学	上海海洋大学	3192	Shanghai Ocean University
上海建桥学院	上海建桥学院	4007	Shanghai Jian Qiao University
上海健康医学院	上海健康医学院	G253
上海交通大学	上海交通大学	1663	Shanghai Jiao Tong University
上海科技大学	上海科技大学	7666	ShanghaiTech University
上海理工大学	上海理工大学	2509	University of Shanghai for Science and Technology
上海立信会计金融学院	上海立信会计金融学院	26269	Shanghai Lixin University of Accounting and Finance
上海民航职业技术学院	上海民航职业技术学院	G254
上海纽约大学	上海纽约大学	10311	New York University Shanghai
上海杉达学院	上海杉达学院	26378	Shanghai Sanda University
上海商学院	上海商学院	4006	Shanghai Business School
上海师范大学	上海师范大学	1666	Shanghai Normal University
上海市曹杨第二中学	上海市曹杨第二中学	G255
上海市向明中学	上海市向明中学	G256
上海体育大学	上海体育大学	G257
上海外国语大学	上海外国语大学	10923	Shanghai International Studies University
上海戏剧学院	上海戏剧学院	G258
上海现代化工职业学院	上海现代化工职业学院	G259
上海音乐学院	上海音乐学院	G260
上海应用技术大学	上海应用技术大学	11417	Shanghai Institute of Technology
上海政法学院	上海政法学院	26293	Shanghai University of Political Science and Law
上海中侨职业技术大学	上海中侨职业技术大学	G261
上海中医药大学	上海中医药大学	G262
上饶师范学院	上饶师范学院	13704	Shangrao Normal University
韶关学院	韶关学院	2781	Shaoguan University
邵阳学院	邵阳学院	3194	Shaoyang University
绍兴大学	绍兴大学	4030	Shaoxing University
绍兴理工学院	绍兴理工学院	4576	Shaoxing Institute of Technology
绍兴职业技术学院	绍兴职业技术学院	G263
深圳北理莫斯科大学	深圳北理莫斯科大学	10158	Shenzhen MSU-BIT University
深圳大学	深圳大学	1679	Shenzhen University
深圳技师学院	深圳技师学院	4377	Shenzhen Institute of Technology
深圳技术大学	深圳技术大学	10908	Shenzhen Technology University
深圳理工大学	深圳理工大学	G264
深圳信息职业技术大学	深圳信息职业技术大学	G265
深圳职业技术大学	深圳职业技术大学	26739	Shenzhen Polytechnic University
沈阳城市学院	沈阳城市学院	8727	Shenyang City University
沈阳大学	沈阳大学	2878	Shenyang University
沈阳工程学院	沈阳工程学院	4605	Shenyang Institute of Engineering
沈阳工学院	沈阳工学院	G266
沈阳工业大学	沈阳工业大学	2873	Shenyang University of Technology
沈阳航空航天大学	沈阳航空航天大学	6770	Shenyang Aerospace University
沈阳化工大学	沈阳化工大学	4624	Shenyang University of Chemical Technology
沈阳建筑大学	沈阳建筑大学	2875	Shenyang Jianzhu University
沈阳理工大学	沈阳理工大学	3998	Shenyang Ligong University
沈阳农业大学	沈阳农业大学	2814	Shenyang Agricultural University
沈阳师范大学	沈阳师范大学	2802	Shenyang Normal University
沈阳体育学院	沈阳体育学院	G267
沈阳药科大学	沈阳药科大学	G268
沈阳医学院	沈阳医学院	G269
沈阳音乐学院	沈阳音乐学院	G270
石河子大学	石河子大学	6093	Shihezi University
石家庄铁道大学	石家庄铁道大学	9186	Shijiazhuang Tiedao University
石家庄学院	石家庄学院	G271
首都经济贸易大学	首都经济贸易大学	3123	Capital University of Economics and Business
首都师范大学	首都师范大学	3286	Capital Normal University
首都师范大学科德学院	首都师范大学科德学院	G272
首都体育学院	首都体育学院	G273
首都医科大学	首都医科大学	G274
首钢工学院	首钢工学院	G275
寿光现代中学	寿光现代中学	G276
顺德职业技术大学	顺德职业技术大学	26738	Shunde Polytechnic University
四川城市职业学院	四川城市职业学院	9150	Urban Vocational College of Sichuan
四川传媒学院	四川传媒学院	G277
四川大学	四川大学	1709	Sichuan University
四川大学锦江学院	四川大学锦江学院	9192	Sichuan University Jinjiang College
四川电力职业技术学院	四川电力职业技术学院	G278
四川工商学院	四川工商学院	9146	Sichuan Technology and Business University
四川工业科技学院	四川工业科技学院	8689	Sichuan Institute of Industrial Technology
四川航天职业技术学院	四川航天职业技术学院	9149	SiChuan Aerospace Vocational College
四川建筑职业技术学院	四川建筑职业技术学院	6227	Sichuan College of Architectural Technology
四川交通职业技术学院	四川交通职业技术学院	6351	Sichuan Vocational and Technical College of Communications
四川警察学院	四川警察学院	G279
四川旅游学院	四川旅游学院	9152	Sichuan Tourism University
四川美术学院	四川美术学院	G280
四川民族学院	四川民族学院	8665	Sichuan Minzu College
四川农业大学	四川农业大学	3352	Sichuan Agricultural University
四川轻化工大学	四川轻化工大学	6226	Sichuan University of Science and Engineering
四川师范大学	四川师范大学	3341	Sichuan Normal University
四川托普信息技术职业学院	四川托普信息技术职业学院	6755	Sichuan TOP IT Vocational Institute
四川外国语大学	四川外国语大学	G281
四川现代职业学院	四川现代职业学院	26379	Sichuan Modern Vocational College
四川信息职业技术学院	四川信息职业技术学院	11479	Sichuan Vocational College of Information Technology
苏州大学	苏州大学	11345	Soochow University
苏州大学应用技术学院	苏州大学应用技术学院	11087	Applied Technology College of Soochow University
苏州工学院	苏州工学院	3291	Suzhou University of Technology
苏州工业职业技术学院	苏州工业职业技术学院	G282
苏州科技大学	苏州科技大学	3198	Suzhou University of Science and Technology
苏州科技大学天平学院	苏州科技大学天平学院	22923	Tianping College of Suzhou University of Science and Technology
苏州农业职业技术学院	苏州农业职业技术学院	G283
苏州市吴江区苏州湾外国语学校	苏州市吴江区苏州湾外国语学校	14472	Suzhou International Academy, BFSU
苏州职业技术大学	苏州职业技术大学	G284
宿迁学院	宿迁学院	26057	Suqian University
宿州学院	宿州学院	5308	Suzhou University
塔里木大学	塔里木大学	10081	Tarim University
台州学院	台州学院	3200	Taizhou University (Zhejiang)
台州职业技术学院	台州职业技术学院	3201	Taizhou Vocational and Technical College
太原工业学院	太原工业学院	G285
太原科技大学	太原科技大学	8440	Taiyuan University of Science and Technology
太原理工大学	太原理工大学	3199	Taiyuan University of Technology
太原师范学院	太原师范学院	G286
太原学院	太原学院	G287
泰山护理职业学院	泰山护理职业学院	G288
泰山学院	泰山学院	7788	TaiShan University
泰州学院	泰州学院	14681	Taizhou University (Jiangsu)
唐山师范学院	唐山师范学院	26746	Tangshan Normal University
唐山学院	唐山学院	14193	Tangshan University
天津财经大学	天津财经大学	5237	Tianjin University of Finance and Economics
天津城建大学	天津城建大学	G289
天津大学	天津大学	9556	Tianjin University
天津工业大学	天津工业大学	16059	Tiangong University
天津科技大学	天津科技大学	6655	Tianjin University of Science and Technology
天津理工大学	天津理工大学	3203	Tianjin University of Technology
天津美术学院	天津美术学院	G290
天津农学院	天津农学院	8718	Tianjin Agricultural University
天津仁爱学院	天津仁爱学院	3190	Tianjin Renai College
天津商业大学	天津商业大学	13752	Tianjin University of Commerce
天津师范大学	天津师范大学	5585	Tianjin Normal University
天津体育学院	天津体育学院	G291
天津外国语大学	天津外国语大学	G292
天津医科大学	天津医科大学	G293
天津音乐学院	天津音乐学院	G294
天津职业大学	天津职业大学	G295
天津职业技术师范大学	天津职业技术师范大学	3204	Tianjin University of Technology and Education
天津中医药大学	天津中医药大学	G296
天水师范大学	天水师范大学	G297
通化师范学院	通化师范学院	G298
同济大学	同济大学	2019	Tongji University
铜陵学院	铜陵学院	8719	Tongling University
铜仁学院	铜仁学院	9162	Tongren University
外交学院	外交学院	G299
皖西学院	皖西学院	3209	West Anhui University
潍坊科技学院	潍坊科技学院	9092	Weifang University of Science and Technology
潍坊理工学院	潍坊理工学院	22098	Weifang Institute of Technology
潍坊学院	潍坊学院	5438	Weifang University
潍坊职业学院	潍坊职业学院	G300
渭南师范学院	渭南师范学院	26330	Weinan Normal University
温州大学	温州大学	3207	Wenzhou University
温州科技职业学院	温州科技职业学院	4573	Wenzhou Vocational College of Science and Technology
温州肯恩大学	温州肯恩大学	G301
温州理工学院	温州理工学院	G302
温州商学院	温州商学院	8596	Wenzhou Business College
温州医科大学	温州医科大学	3206	Wenzhou Medical University
无锡科技职业学院	无锡科技职业学院	G303
无锡太湖学院	无锡太湖学院	G304
无锡学院	无锡学院	20223	Wuxi University
芜湖学院	芜湖学院	G305
梧州学院	梧州学院	26226	Wuzhou University
五邑大学	五邑大学	2758	Wuyi University (Guangdong)
武昌工学院	武昌工学院	G306
武昌理工学院	武昌理工学院	16125	Wuchang University of Technology
武昌首义学院	武昌首义学院	10166	Wuchang Shouyi University
武汉大学	武汉大学	2714	Wuhan University
武汉东湖学院	武汉东湖学院	11129	Wuhan Donghu University
武汉纺织大学	武汉纺织大学	6857	Wuhan Textile University
武汉纺织大学外经贸学院	武汉纺织大学外经贸学院	G307
武汉工程大学	武汉工程大学	8327	Wuhan Institute of Technology
武汉工商学院	武汉工商学院	G308
武汉科技大学	武汉科技大学	6300	Wuhan University of Science and Technology
武汉理工大学	武汉理工大学	3407	Wuhan University of Technology
武汉轻工大学	武汉轻工大学	14122	Wuhan Polytechnic University
武汉软件工程职业学院	武汉软件工程职业学院	6895	Wuhan Vocational College of Software and Engineering
武汉商贸职业学院	武汉商贸职业学院	G309
武汉商学院	武汉商学院	8751	Wuhan Business University
武汉生物工程学院	武汉生物工程学院	26035	Wuhan University of Bioengineering
武汉体育学院	武汉体育学院	G310
武汉学院	武汉学院	19826	Wuhan College
武夷学院	武夷学院	G311
西安财经大学	西安财经大学	G312
西安财经大学行知学院	西安财经大学行知学院	G313
西安电子科技大学	西安电子科技大学	2724	Xidian University
西安工程大学	西安工程大学	26109	Xi’an Polytechnic University
西安工商学院	西安工商学院	26341	Xi'an Technology and Business College
西安工业大学	西安工业大学	7644	Xi’an Technological University
西安航空学院	西安航空学院	G314
西安建筑科技大学	西安建筑科技大学	G315
西安交通大学	西安交通大学	G316
西安交通大学城市学院	西安交通大学城市学院	6905	Xi'an Jiaotong University City College
西安科技大学	西安科技大学	G317
西安理工大学	西安理工大学	6752	Xi'an University of Technology
西安美术学院	西安美术学院	G318
西安明德理工学院	西安明德理工学院	G319
西安欧亚学院	西安欧亚学院	8103	Xi'an Eurasia University
西安石油大学	西安石油大学	G320
西安思源学院	西安思源学院	10888	Xi'an Siyuan University
西安外国语大学	西安外国语大学	G321
西安文理学院	西安文理学院	G322
西安医学院	西安医学院	G323
西安邮电大学	西安邮电大学	4013	Xi’an University of Posts and Telecommunications
西安职业技术学院	西安职业技术学院	G324
西北大学	西北大学	6756	Northwest University
西北工业大学	西北工业大学	1361	Northwestern Polytechnical University
西北民族大学	西北民族大学	9037	Northwest Minzu University
西北农林科技大学	西北农林科技大学	2885	Northwest A&F University
西北师范大学	西北师范大学	6295	Northwest Normal University
西北政法大学	西北政法大学	G325
西藏大学	西藏大学	G326
西藏民族大学	西藏民族大学	10885	Xizang Minzu University
西湖大学	西湖大学	20350	Westlake University
西华大学	西华大学	2725	Xihua University
西华师范大学	西华师范大学	6224	China West Normal University
西京学院	西京学院	G327
西南财经大学	西南财经大学	6220	Southwestern University of Finance and Economics
西南财经大学天府学院	西南财经大学天府学院	8661	Tianfu College of SWUFE
西南大学	西南大学	5578	Southwest University
西南大学附属中学校	西南大学附属中学校	G328
西南交通大学	西南交通大学	1762	Southwest Jiaotong University
西南交通大学希望学院	西南交通大学希望学院	11481	Southwest Jiaotong University Hope College
西南科技大学	西南科技大学	3197	Southwest University of Science and Technology
西南林业大学	西南林业大学	G329
西南民族大学	西南民族大学	3043	Southwest Minzu University
西南石油大学	西南石油大学	2979	SouthWest Petroleum University
西南医科大学	西南医科大学	G330
西南政法大学	西南政法大学	G331
咸阳师范学院	咸阳师范学院	G332
香港城市大学	香港城市大学	308	City University of Hong Kong
香港城市大学东莞	香港城市大学（东莞）	26100	City University of Hong Kong (Dongguan)
香港大学	香港大学	G333
香港浸会大学	香港浸会大学	667	Hong Kong Baptist University
香港科技大学	香港科技大学	G334
香港科技大学广州	香港科技大学（广州）	24540	The Hong Kong University of Science and Technology (Guangzhou)
香港理工大学	香港理工大学	G335
香港中文大学	香港中文大学	1942	The Chinese University of Hong Kong
香港中文大学深圳	香港中文大学（深圳）	10679	The Chinese University of Hong Kong, Shenzhen
湘南学院	湘南学院	3210	Xiangnan University
湘潭大学	湘潭大学	3051	Xiangtan University
湘潭大学兴湘学院	湘潭大学兴湘学院	6214	Xingxiang College of Xiangtan University
忻州师范学院	忻州师范学院	G336
新疆财经大学	新疆财经大学	26374	Xinjiang University of Finance and Economics
新疆大学	新疆大学	6191	Xinjiang University
新疆第二医学院	新疆第二医学院	G337
新疆工程学院	新疆工程学院	11458	Xinjiang Institute of Engineering
新疆理工学院	新疆理工学院	11429	Xinjiang Institute of Technology
新疆农业职业技术大学	新疆农业职业技术大学	G338
新疆师范大学	新疆师范大学	9172	Xinjiang Normal University
新疆艺术学院	新疆艺术学院	G339
新疆政法学院	新疆政法学院	26594	Xinjiang University of Political Science and Law
新乡工程学院	新乡工程学院	25878	Xinxiang Institute of Engineering
新乡学院	新乡学院	8599	Xinxiang University
新余学院	新余学院	21867	Xinyu University
信息工程大学	信息工程大学	G340
信阳农林学院	信阳农林学院	10068	Xinyang Agriculture and Forestry University
信阳师范大学	信阳师范大学	3688	Xinyang Normal University
星海音乐学院	星海音乐学院	G341
邢台学院	邢台学院	G342
兴义民族师范学院	兴义民族师范学院	8680	Xingyi Normal University For Nationalities
徐州工程学院	徐州工程学院	10080	Xuzhou University of Technology
徐州医科大学	徐州医科大学	15861	Xuzhou Medical University
许昌学院	许昌学院	10058	Xuchang University
烟台大学	烟台大学	5218	Yantai University
烟台科技学院	烟台科技学院	22693	Yantai Institute of Science and Technology
烟台理工学院	烟台理工学院	22626	Yantai Institute of Technology
烟台南山学院	烟台南山学院	8259	Yantai Nanshan University
延安大学	延安大学	G343
延安大学西安创新学院	延安大学西安创新学院	G344
延边大学	延边大学	5483	Yanbian University
盐城工学院	盐城工学院	11105	Yancheng Institute of Technology
盐城师范学院	盐城师范学院	11104	Yancheng Teachers University
燕京理工学院	燕京理工学院	8848	Yanching Institute of Technology
燕山大学	燕山大学	2733	Yanshan University
扬州大学	扬州大学	3211	Yangzhou University
扬州工业职业技术学院	扬州工业职业技术学院	G345
扬州职业技术大学	扬州职业技术大学	G346
阳光学院	阳光学院	G347
仰恩大学	仰恩大学	G348
伊犁师范大学	伊犁师范大学	26375	YiLi Normal University
宜宾学院	宜宾学院	8660	Yibin University
宜春学院	宜春学院	8739	Yichun University
义乌工商职业技术学院	义乌工商职业技术学院	3212	Yiwu Industrial and Commercial College
应急管理大学	应急管理大学	G349
营口理工学院	营口理工学院	7994	YingKou Institute of Technology
榆林大学	榆林大学	G350
玉林师范学院	玉林师范学院	G351
玉溪师范学院	玉溪师范学院	G352
豫北医学院	豫北医学院	G353
豫章师范学院	豫章师范学院	13717	Yuzhang Normal University
岳阳学院	岳阳学院	G354
云南财经大学	云南财经大学	25784	Yunnan University of Finance and Economics
云南大学	云南大学	3213	Yunnan University
云南工商学院	云南工商学院	9884	Yunnan Technology and Business University
云南民族大学	云南民族大学	7463	Yunnan Minzu University
云南农业大学	云南农业大学	G355
云南师范大学	云南师范大学	7919	Yunnan Normal University
云南艺术学院	云南艺术学院	G356
云南中医药大学	云南中医药大学	G357
运城学院	运城学院	G358
运城职业技术大学	运城职业技术大学	G359
枣庄学院	枣庄学院	3214	Zaozhuang University
湛江科技学院	湛江科技学院	26260	Zhanjiang University of Science and Technology
张家口学院	张家口学院	G360
长安大学	长安大学	G361
长春财经学院	长春财经学院	26740	Changchun University of Finance and Economics
长春大学	长春大学	2799	Changchun University
长春电子科技学院	长春电子科技学院	G362
长春工程学院	长春工程学院	3124	Changchun Institute of Technology
长春工业大学	长春工业大学	2811	Changchun University of Technology
长春金融高等专科学校	长春金融高等专科学校	G363
长春理工大学	长春理工大学	2819	Changchun University of Science and Technology
长春师范大学	长春师范大学	2809	Changchun Normal University
长春师范高等专科学校	长春师范高等专科学校	G364
长春中医药大学	长春中医药大学	G365
长江大学	长江大学	20581	Yangtze University
长江师范学院	长江师范学院	7417	Yangtze Normal University
长沙理工大学	长沙理工大学	3126	Changsha University of Science and Technology
长沙民政职业技术学院	长沙民政职业技术学院	4710	Changsha Social Work College
长沙师范学院	长沙师范学院	G366
长沙市中雅培粹学校	长沙市中雅培粹学校	G367
长沙学院	长沙学院	3050	Changsha University
长沙职业技术学院	长沙职业技术学院	G368
长治学院	长治学院	G369
长治医学院	长治医学院	G370
昭通学院	昭通学院	25830	Zhaotong University
肇庆学院	肇庆学院	2768	Zhaoqing University
肇庆医学院	肇庆医学院	G371
浙大城市学院	浙大城市学院	23156	Hangzhou City University
浙大宁波理工学院	浙大宁波理工学院	11412	NingboTech University
浙江财经大学	浙江财经大学	3223	Zhejiang University of Finance and Economics
浙江财经大学东方学院	浙江财经大学东方学院	G372
浙江传媒学院	浙江传媒学院	20349	Communication University of Zhejiang
浙江大学	浙江大学	2751	Zhejiang University
浙江纺织服装职业技术学院	浙江纺织服装职业技术学院	25875	Zhejiang Fashion Institute of Technology
浙江工商大学	浙江工商大学	3218	Zhejiang Gongshang University
浙江工商大学杭州商学院	浙江工商大学杭州商学院	10652	Zhejiang Gongshang University Hangzhou College of Commerce
浙江工商职业技术学院	浙江工商职业技术学院	4574	Zhejiang Business Technology Institute
浙江工业大学	浙江工业大学	2752	Zhejiang University of Technology
浙江工业大学之江学院	浙江工业大学之江学院	G373
浙江工业职业技术学院	浙江工业职业技术学院	4417	Zhejiang Industry Polytechnic College
浙江广厦建设职业技术大学	浙江广厦建设职业技术大学	20151	Zhejiang Guangsha Vocational and Technical University of Construction
浙江海洋大学	浙江海洋大学	3221	Zhejiang Ocean University
浙江海洋大学东海科学技术学院	浙江海洋大学东海科学技术学院	5435	Zhejiang Ocean University Donghai Science and Technology College
浙江机电职业技术大学	浙江机电职业技术大学	4590	Zhejiang Polytechnic University of Mechanical and Electrical Engineering
浙江金华第一中学	浙江金华第一中学	G374
浙江金融职业学院	浙江金融职业学院	11084	Zhejiang Financial College
浙江经济职业技术学院	浙江经济职业技术学院	8138	Zhejiang Technical Institute of Economics
浙江经贸职业技术学院	浙江经贸职业技术学院	4522	Zhejiang Institute of Economics and Trade
浙江警察学院	浙江警察学院	4589	Zhejiang Police College
浙江警官职业学院	浙江警官职业学院	4520	Zhejiang Police Vocational Academy
浙江科技大学	浙江科技大学	3039	Zhejiang University of Science & Technology
浙江理工大学	浙江理工大学	2884	Zhejiang Sci-Tech University
浙江旅游职业学院	浙江旅游职业学院	G375
浙江农林大学	浙江农林大学	G376
浙江农林大学暨阳学院	浙江农林大学暨阳学院	G377
浙江商业职业技术学院	浙江商业职业技术学院	10041	Zhejiang Business College
浙江省杭州第二中学	浙江省杭州第二中学	G378
浙江省萧山中学	浙江省萧山中学	G379
浙江省余姚中学	浙江省余姚中学	G380
浙江师范大学	浙江师范大学	3220	Zhejiang Normal University
浙江树人学院	浙江树人学院	3222	Zhejiang Shuren University
浙江水利水电学院	浙江水利水电学院	7229	Zhejiang University of Water Resources and Electric Power
浙江同济科技职业学院	浙江同济科技职业学院	5789	Zhejiang Tongji Vocational College of Science and Technology
浙江外国语学院	浙江外国语学院	5431	Zhejiang International Studies University
浙江万里学院	浙江万里学院	3227	Zhejiang Wanli University
浙江艺术职业学院	浙江艺术职业学院	G381
浙江音乐学院	浙江音乐学院	G382
浙江邮电职业技术学院	浙江邮电职业技术学院	5788	Zhejiang Post And Telecommunication College
浙江育英职业技术学院	浙江育英职业技术学院	3229	Zhejiang Yuying College of Vocational Technology
浙江中医药大学	浙江中医药大学	3215	Zhejiang Chinese Medical University
郑州大学	郑州大学	3230	Zhengzhou University
郑州工商学院	郑州工商学院	9163	Zhengzhou Technology and Business University
郑州工业应用技术学院	郑州工业应用技术学院	22595	Zhengzhou University of Industrial Technology
郑州航空工业管理学院	郑州航空工业管理学院	3686	Zhengzhou University of Aeronautics
郑州经贸学院	郑州经贸学院	6204	Zhengzhou University of Economics and Business
郑州警察学院	郑州警察学院	G383
郑州科技学院	郑州科技学院	9271	Zhengzhou University of Science and Technology
郑州龙湖一中	郑州龙湖一中	G384
郑州轻工业大学	郑州轻工业大学	4060	Zhengzhou University of Light Industry
郑州商学院	郑州商学院	10063	Zhengzhou Business University
郑州升达经贸管理学院	郑州升达经贸管理学院	25865	Zhengzhou Shengda University
郑州师范学院	郑州师范学院	6747	Zhengzhou Normal University
郑州外国语学校	郑州外国语学校	G385
中北大学	中北大学	3188	North University of China
中国传媒大学	中国传媒大学	2910	Communication University Of China
中国地质大学北京	中国地质大学（北京）	3130	China University of Geosciences, Beijing
中国地质大学武汉	中国地质大学（武汉）	280	China University of Geosciences
中国海洋大学	中国海洋大学	1377	Ocean University Of China
中国计量大学	中国计量大学	3129	China Jiliang University
中国计量大学现代科技学院	中国计量大学现代科技学院	7233	China Jiliang University College of Modern Science and Technology
中国科学技术大学	中国科学技术大学	2505	University of Science and Technology of China
中国科学院大学	中国科学院大学	7377	University of Chinese Academy of Sciences
中国矿业大学	中国矿业大学	3131	China University of Mining and Technology
中国矿业大学北京	中国矿业大学（北京）	3132	China University of Mining and Technology, Beijing
中国矿业大学徐海学院	中国矿业大学徐海学院	3064	Xuhai College, China University of Mining and Technology
中国劳动关系学院	中国劳动关系学院	G386
中国美术学院	中国美术学院	G387
中国民航大学	中国民航大学	3057	Civil Aviation University of China
中国民用航空飞行学院	中国民用航空飞行学院	6221	Civil Aviation Flight University of China
中国农业大学	中国农业大学	3326	China Agricultural University
中国青年政治学院	中国青年政治学院	G388
中国人民大学	中国人民大学	1528	Renmin University of China
中国人民公安大学	中国人民公安大学	G389
中国人民解放军海军航空大学	中国人民解放军海军航空大学	9096	Naval Aeronautical University
中国人民解放军空军工程大学	中国人民解放军空军工程大学	22296	Air Force Engineering University
中国人民武装警察部队工程大学	中国人民武装警察部队工程大学	26339	Engineering University of PAP
中国社会科学院大学	中国社会科学院大学	G390
中国石油大学北京	中国石油大学（北京）	7747	China University of Petroleum, Beijing
中国石油大学北京克拉玛依校区	中国石油大学（北京）克拉玛依校区	11475	China University of Petroleum-Beijing at Karamay
中国石油大学华东	中国石油大学（华东）	G391
中国戏曲学院	中国戏曲学院	G392
中国消防救援学院	中国消防救援学院	G393
中国药科大学	中国药科大学	G394
中国医科大学	中国医科大学	G395
中国音乐学院	中国音乐学院	G396
中国政法大学	中国政法大学	G397
中华女子学院	中华女子学院	G398
中南财经政法大学	中南财经政法大学	G399
中南大学	中南大学	245	Central South University
中南林业科技大学	中南林业科技大学	3109	Central South University of Forestry and Technology
中南民族大学	中南民族大学	4271	South-Central Minzu University
中山大学	中山大学	G400
中央财经大学	中央财经大学	5856	Central University of Finance and Economics
中央美术学院	中央美术学院	G401
中央民族大学	中央民族大学	8243	Minzu University of China
中央戏剧学院	中央戏剧学院	G402
中央音乐学院	中央音乐学院	G403
中原工学院	中原工学院	4128	Zhongyuan University Of Technology
中原科技学院	中原科技学院	G404
仲恺农业工程学院	仲恺农业工程学院	4602	Zhongkai University of Agriculture and Engineering
周口师范学院	周口师范学院	8655	Zhoukou Normal University
珠海城市职业技术学院	珠海城市职业技术学院	2791	Zhuhai City Polytechnic
珠海科技学院	珠海科技学院	24476	Zhuhai College of Science and Technology
淄博师范高等专科学校	淄博师范高等专科学校	G405
淄博职业技术大学	淄博职业技术大学	G406
遵义师范学院	遵义师范学院	G407
遵义医科大学	遵义医科大学	G408
